supplier_inn,supplier_name,okpd2_codes,profile_text,source,source_url,history_status,portal_categories,portal_offer_count,region_of_supply,primary_okved,checked_date,portal_status,offer_region_match,portal_category_match,target_okpd2_divisions,contact_phone,contact_email,website,contact_checked_date,contact_source,contact_url,offer_title,offer_price,offer_price_unit,offer_price_note,offer_availability,offer_url,offer_checked_date
8911019868,"ООО ""ПУР-РЫБА""","[""03"", ""10""]","Активный поставщик Портала поставщиков; подтверждённые товары: рыбные консервы в томатном соусе и масле, рыбный фарш из щуки/язя/сырка, мороженая рыба и филе язя; регион поставки Санкт-Петербург; ОКВЭД 10.20 — переработка и консервирование рыбы, ракообразных и моллюсков.",Портал поставщиков Москвы — карточка поставщика и публичные предложения,https://zakupki.mos.ru/companyProfile/31774742,unknown_not_found_in_2024_2025_dataset,РЫБА И РЫБНЫЕ ПРОДУКТЫ (01.01.11); МОРЕПРОДУКТЫ (01.01.12),12,г Санкт-Петербург,10.20,2026-10-01,ACTIVE,true,true,"[""03"", ""10""]",,,,,,,,,,,,,
7743349274,ООО «Интегра-РУС» (AIRHON),"[""33""]","Официальный сайт компании AIRHON подтверждает поставку кислородных концентраторов для медучреждений, комплекты документов для закупок, участие в процедурах 44-ФЗ и 223-ФЗ, доставку по регионам РФ. ООО «Интегра-РУС» — юрлицо, указанное на странице контактов AIRHON. Сфера: медицинские кислородные концентраторы и системы концентрирования кислорода.",Официальный сайт AIRHON: каталог/поставки для закупок и страница контактов с реквизитами,https://airhon.ru/about/contacts/,unknown_not_found_in_2024_2025_dataset,,0,РФ и СНГ (доставка заявлена на сайте),,2026-10-02,,false,false,"[""33""]",+7 (499) 677-56-36,info@airhon.ru,https://airhon.ru/,2026-10-02,https://airhon.ru/about/contacts/,,,,,,,,
7804558775,ООО «Гранд Сервис»,"[""10""]","Оптовый поставщик продуктов питания в Санкт-Петербурге и Ленинградской области. Официальный актуальный каталог: печенье и кондитерские изделия; горчица, соусы и специи; натуральный мёд; соки и нектары; оливки и маслины; огурцы-корнишоны и маринованные овощи. Оптовые продажи, безналичная оплата для организаций, доставка по Санкт-Петербургу и области.",Официальный сайт «Гранд Сервис»: профиль и товарный каталог,https://www.grandservice.ru/catalog/ovoshchnye_konservy_soleniya/ogurtsy_kornishony_dyadya_vanya_po_frantsuzski_st_tv_460g_8sht_rossiya/,found_in_2024_2025_dataset,,0,"Санкт-Петербург, Ленинградская область и другие регионы РФ (как заявлено сайтом)",,2026-10-02,,false,false,"[""10""]",+7 (812) 329-35-45,office@grandservice.ru,https://grandservice.ru/,2026-10-02,https://www.grandservice.ru/info/,https://www.grandservice.ru/info/,,,,,,,
7838493981,ООО «Кунжут»,"[""13""]","Поставщик и производитель текстильных материалов в Санкт-Петербурге. Официальный каталог тканей для печати и пошива: крепдешин, атлас, шифон, габардин стандарт и костюмный габардин, ткани для одежды, столового текстиля и интерьерных изделий. Оптовые цены, изготовление текстильных изделий; доставка транспортными компаниями.",Официальный каталог тканей и страница контактов ООО «Кунжут»,https://kunjut.com/catalog/tkani-dlya-pechati/gabardin-kostyumnyy/,found_in_2024_2025_dataset,,0,Санкт-Петербург; доставка транспортными компаниями (по сайту),,2026-10-02,,false,false,"[""13""]",+7 (800) 777-18-09,zakaz@kunjut.com,https://kunjut.com/,2026-10-02,https://kunjut.com/contacts/,https://kunjut.com/contacts/,Габардин костюмный,от 758 ₽,за погонный метр,На странице указана цена 758 ₽/м при заказе от 701 м; для меньшего объёма цена выше (по ступеням 784–896 ₽/м). Уточните актуальный остаток и цену.,предложение в каталоге; остаток уточнить,https://kunjut.com/catalog/tkani-dlya-pechati/gabardin-kostyumnyy/,2026-10-02
7802481848,ООО «ЕвроФудс Санкт-Петербург»,"[""10""]","Комплексный поставщик продуктов питания для бизнеса и HoReCa в Санкт-Петербурге и на Северо-Западе. В каталоге есть дижонская и зернистая горчица, соусы и другие продукты питания; отдел продаж готовит коммерческие предложения.",Официальный сайт EuroFoods: карточка товара и реквизиты компании,https://efspb.ru/catalog/sousy-bulony-zapravki/gorchitsa/,unknown_not_found_in_2024_2025_dataset,,0,Санкт-Петербург и Северо-Запад (как заявлено сайтом),46.38,2026-10-02,,false,false,"[""10""]",+7 (812) 321-61-31,zakaz@efspb.ru,https://efspb.ru/,2026-10-02,https://efspb.ru/contacts/,https://efspb.ru/contacts/,,,,,,,
7721813012,ООО «Семко»,"[""01""]","Производитель и оптовый поставщик семян овощных культур. На официальном сайте есть семена столовой свёклы (сорта Бордо 237, Египетская плоская, Пабло F1 и другие); компания заявляет доставку по регионам России. Прямое товарное совпадение с запросом «семена свёклы столовой». В истории закупок команды 2024–2025 не найдено; конкурентные победы неизвестны.",Официальный каталог семян свёклы и страница реквизитов/контактов ООО «Семко»,https://semco.ru/catalog/semena_ovoshchey_1/semena_morkovi_i_svekly/semena_svekly/,unknown_not_found_in_2024_2025_dataset,,,Доставка по России — как заявлено на сайте,,2026-10-02,,false,false,"[""01""]",+7 (495) 686-04-75,opt@semco.ru,https://semco.ru/,2026-10-02,https://semco.ru/contacts/,https://semco.ru/contacts/,Семена свёклы,Цена по запросу,за упаковку,Официальная карточка товара без подтверждённой публичной цены для выбранного объёма.,уточнить у поставщика,https://semco.ru/catalog/semena_ovoshchey_1/semena_morkovi_i_svekly/semena_svekly/,2026-10-02
7719429480,ООО «КАМИ-ГРУПП»,"[""28""]","Поставщик промышленного и деревообрабатывающего оборудования КАМИ. Официальный каталог содержит клеенаносящие станки (клеевальцы/клеемазы), включая модель CH-400; компания предлагает поставку, монтаж, сервис и обучение. Названия и близкие термины: клеемазательная машина, клеенаносящий станок, клеемаз, клеевалец — оборудование для нанесения клея. В истории закупок команды 2024–2025 не найдено; конкурентные победы неизвестны.",Официальный каталог клеенаносящих станков КАМИ и реквизиты ООО «КАМИ-ГРУПП»,https://www.stanki.ru/catalog/kleenanosyashchie_stanki/,unknown_not_found_in_2024_2025_dataset,,,Поставка по России и СНГ — как заявлено на сайте,,2026-10-02,,false,false,"[""28""]",+7 (800) 100-01-11,info@stanki.ru,https://www.stanki.ru/,2026-10-02,https://www.stanki.ru/about/contacts/voronezh/,https://www.stanki.ru/about/contacts/voronezh/,Клеенаносящий станок цепного типа CH-400,741 077 ₽,за штуку,Цена на карточке поставщика; может измениться при подтверждении заказа.,указан в наличии на странице,https://www.stanki.ru/catalog/kleenanosyashchie_stanki/kleenanosyashchiy_stanok_tsepnogo_tipa_ch_400/,2026-10-02
7707055575,ЗАО «МОНА»,"[""17""]","Производитель и поставщик упаковочных материалов, клейких лент и скотчей. В официальном каталоге есть малярная лента 3M 2380, упаковочные клейкие ленты и продукция 3M/TESA; компания сообщает об оптовой продаже, нарезке лент и доставке по России. Прямое товарное совпадение с запросом «лента малярная». В истории закупок команды 2024–2025 не найдено; конкурентные победы неизвестны.","Официальный сайт и каталог ЗАО «МОНА»: сведения о компании, товарах и ИНН",https://mona.ru/o-kompanii,unknown_not_found_in_2024_2025_dataset,,,Доставка по России — как заявлено на сайте,,2026-10-02,,false,false,"[""17""]",+7 (812) 385-99-49,piter@mona.ru,https://mona.ru/,2026-10-02,https://spb.mona.ru/contact,https://spb.mona.ru/contact,Малярная лента 3M 2380,"69,94 ₽",за единицу карточки,Карточка отмечает артикул 2380 как снятый с производства и предлагает замену 501E. Цена зависит от ширины; наличие и аналог подтвердить у поставщика.,артикул снят; проверить замену 501E,https://mona.ru/catalog/3m/odnostoronnie-lenty/malyarnye/2380,2026-10-02
782613753007,ИП Нагибин Дионис Владимирович,"[""10""]","Оптовый поставщик продуктов для HoReCa, розницы и организаций из Санкт-Петербурга. Актуальная товарная карточка подтверждает слоёное бездрожжевое тесто в наличии; официальный сайт указывает оптовые поставки со склада в Санкт-Петербурге, работу с юрлицами и отгрузку за 1–2 дня. ИНН ИП указан в действующей публичной оферте. В истории закупок команды 2024–2025 не найдено; конкурентные победы неизвестны.",Официальная карточка слоёного бездрожжевого теста и публичная оферта ИП на сайте Калининской базы,https://kalinbaza.ru/polufabrikati/zamorozhennye-polufabrikaty/testo-sloyonoe-bezdrojjevoe-500-g,unknown_not_found_in_2024_2025_dataset,,,Санкт-Петербург и доставка по РФ — как заявлено на сайте,,2026-10-02,,false,false,"[""10""]",+7 (812) 509-12-10,sale@kalinbaza.ru,https://kalinbaza.ru/,2026-10-02,https://kalinbaza.ru/contact-us,https://kalinbaza.ru/contact-us,Тесто слоёное бездрожжевое 500 г,Цена по запросу,за упаковку 500 г,"Публичная страница показывает товар/поставку, но не публикует цену. Запросите коммерческое предложение по телефону или email.",наличие указано на странице; подтвердить перед заказом,https://kalinbaza.ru/polufabrikati/zamorozhennye-polufabrikaty/testo-sloyonoe-bezdrojjevoe-500-g,2026-10-02
7807021918,ФГУП СПбНИИВС ФМБА России,"[""21""]","Официальный производитель вакцины Флю-М для профилактики гриппа. Для зарегистрированной формы указаны ампулы по 0,5 мл, упаковка 10 ампул. Производитель имеет профиль полного цикла производства вакцин. Запросить коммерческие условия напрямую; актуальную поставку и объём подтвердить.",Официальный сайт СПбНИИВС и Государственный реестр предельных цен Минздрава России,https://spbniivs.ru/,unknown_not_found_in_2024_2025_dataset,,0,Санкт-Петербург,21.20.2,2026-10-02,,false,false,"[""21""]",+7 (812) 660-06-10,reception@niivs.ru,https://spbniivs.ru/,2026-10-02,https://spbniivs.ru/company/documents/,https://spbniivs.ru/company/documents/,"Вакцина «Флю-М», 0,5 мл × 10 ампул",2 000 ₽,"за упаковку из 10 ампул (0,5 мл каждая)","Предельная зарегистрированная цена без НДС в реестре Минздрава, зарегистрирована 07.09.2026. Это регулируемая реестровая цена, не коммерческое предложение и не подтверждение остатка. Если в запросе требуется другая фасовка, товар не подходит; подтвердите спецификацию до заказа.",Производитель продукта подтверждён; коммерческое наличие и возможность поставки уточнить напрямую.,https://pots.minzdrav.gov.ru/public_price_limits?page=299&per_page=30,2026-10-02
