supplier_inn,phone,email,website,contact_url,contact_source,contact_checked_date
8911019868,+73499721157,purriba2004@mail.ru,,https://nayamale.ru/shop/vendor/products/53,https://tendery-jamalo-neneckiy-ao.tenderer.ru/tenders/15/tender92866850.html,2026-10-01
7801314509,+78127140614,nda@nda.ru,https://nda.ru,https://nda.ru/contacts/,https://nda.ru/contacts/,2026-10-01
7804558775,+7 (812) 329-35-45,office@grandservice.ru,https://grandservice.ru/,https://www.grandservice.ru/info/,https://www.grandservice.ru/info/,2026-10-02
7838493981,+7 (800) 777-18-09,zakaz@kunjut.com,https://kunjut.com/,https://kunjut.com/contacts/,https://kunjut.com/contacts/,2026-10-02
7802481848,+7 (812) 321-61-31,zakaz@efspb.ru,https://efspb.ru/,https://efspb.ru/contacts/,https://efspb.ru/contacts/,2026-10-02
7721813012,+7 (495) 686-04-75,opt@semco.ru,https://semco.ru/,https://semco.ru/contacts/,https://semco.ru/contacts/,2026-10-02
7719429480,+7 (800) 100-01-11,info@stanki.ru,https://www.stanki.ru/,https://www.stanki.ru/about/contacts/voronezh/,https://www.stanki.ru/about/contacts/voronezh/,2026-10-02
7707055575,+7 (812) 385-99-49,piter@mona.ru,https://mona.ru/,https://spb.mona.ru/contact,https://spb.mona.ru/contact,2026-10-02
782613753007,+7 (812) 509-12-10,sale@kalinbaza.ru,https://kalinbaza.ru/,https://kalinbaza.ru/contact-us,https://kalinbaza.ru/contact-us,2026-10-02
7807021918,+7 (812) 660-06-10,reception@niivs.ru,https://spbniivs.ru/,https://spbniivs.ru/company/documents/,https://spbniivs.ru/company/documents/,2026-10-02
